<?xml version="1.0" encoding="UTF-8"?>
<project-private xmlns="http://www.netbeans.org/ns/project-private/1">
    <editor-bookmarks xmlns="http://www.netbeans.org/ns/editor-bookmarks/2" lastBookmarkId="0"/>
    <open-files xmlns="http://www.netbeans.org/ns/projectui-open-files/2">
        <group>
            <file>file:/C:/Users/AcT/Documents/NetBeansProjects/FinalProject/src/finalproject/FlappyBird.java</file>
            <file>file:/C:/Users/AcT/Documents/NetBeansProjects/FinalProject/src/finalproject/GamePanel3.java</file>
            <file>file:/C:/Users/AcT/Documents/NetBeansProjects/FinalProject/src/finalproject/FlappyBird1.java</file>
            <file>file:/C:/Users/AcT/Documents/NetBeansProjects/FinalProject/src/finalproject/FlappyBird2.java</file>
            <file>file:/C:/Users/AcT/Documents/NetBeansProjects/FinalProject/src/finalproject/Bird.java</file>
            <file>file:/C:/Users/AcT/Documents/NetBeansProjects/FinalProject/src/finalproject/GamePanel1.java</file>
            <file>file:/C:/Users/AcT/Documents/NetBeansProjects/FinalProject/src/finalproject/FlappyBird3.java</file>
            <file>file:/C:/Users/AcT/Documents/NetBeansProjects/FinalProject/src/finalproject/FinalProject.java</file>
            <file>file:/C:/Users/AcT/Documents/NetBeansProjects/FinalProject/src/finalproject/11.jpg</file>
            <file>file:/C:/Users/AcT/Documents/NetBeansProjects/FinalProject/src/finalproject/GamePanel.java</file>
            <file>file:/C:/Users/AcT/Documents/NetBeansProjects/FinalProject/src/finalproject/GamePanel2.java</file>
            <file>file:/C:/Users/AcT/Documents/NetBeansProjects/FinalProject/src/finalproject/MainFrame.java</file>
            <file>file:/C:/Users/AcT/Documents/NetBeansProjects/FinalProject/src/finalproject/111.jpg</file>
            <file>file:/C:/Users/AcT/Documents/NetBeansProjects/FinalProject/src/finalproject/78.png</file>
            <file>file:/C:/Users/AcT/Documents/NetBeansProjects/FinalProject/src/finalproject/AboutMe.java</file>
            <file>file:/C:/Users/AcT/Documents/NetBeansProjects/FinalProject/src/finalproject/1.jpg</file>
        </group>
    </open-files>
</project-private>
